metabolite,Pearson_corr,p-value,origin_variance
1-Aminocyclopropanecarboxylate,0.241594768259408,0.474177661277395,0.281067260847719
1-Hydroxy-2-naphthoate,0.428693976482537,0.188313852330446,0.615570552638662
1-Methyladenosine,0.523517054441295,0.0983882352376321,0.437124058080648
1-Methylhistidine,0.539962608381838,0.0864216645833749,0.435286556319433
1-Phenylethanol,0.506344703594355,0.111989529443151,0.502766767001002
"2',4'-Dihydroxyacetophenone",0.00762585515135846,0.982246616471905,0.0989693009504905
2-/3-Phosphoglycerate,-0.180353912462206,0.595648839439296,0.390929756006771
2-Deoxyglucose,0.442992878263324,0.172387958163869,0.350538462681541
2-Hydroxy-4-(methylthio)butanoate,0.135215363482006,0.69181384830576,0.200164827557509
2-Hydroxybutyrate,0.159655334278243,0.639133529038848,0.271633765058743
2-Hydroxyglutarate,0.920581665446143,5.84691388154636e-05,0.950094913668614
2-Mannosyl-3-phosphoglycerate,-0.149057074141821,0.661810727791375,0.106063177716457
3-(2-Hydroxyphenyl)propanoate,-0.559659835759662,0.0734089946541206,0.193148366634452
"3,4-Dihydroxyphenylacetate",,,0.0354932154027953
3-Hydroxybutyrate,0.297982356060596,0.373467822309451,0.341044985191288
3-Hydroxycarnitine (16:0),0.721027913128649,0.0122838023706982,0.708510185687278
3-Hydroxycarnitine (18:1),0.438126308983534,0.177712024129562,0.589136154334582
3-Hydroxycarnitine (4:0),-0.0269629502766519,0.937277819303618,0.454467557584134
3-Hydroxycarnitine (5:0),0.324121175075483,0.330850513273351,0.684579691293213
3-Hydroxycarnitine (6:0),0.26927947215245,0.423287768675095,0.699314947498064
3-Hydroxycarnitine (8:0),0.231140083975421,0.494081399231965,0.653334758525751
3-Hydroxymethylglutarate,0.10368438646678,0.761604385963638,0.786370168520443
3-Hydroxypyruvate,0.524345547985929,0.0977608506515212,0.353062643572583
3-Methoxy-4-hydroxymandelate,,,0.0632383491713182
3-Sulfinoalanine,-0.2384507879189,0.480124782384722,0.55591627067594
4-Guanidinobutanoate,-0.151313977006756,0.6569594470396,0.558675022715335
4-Imidazoleacetate,0.391004528070716,0.234415728590097,0.477140468460179
4-Oxo-NAM,0.0371447768184351,0.913658242820369,0.210794579251278
5-Methylcytosine,-0.717956458040459,0.0128410973531501,0.300829763688202
6-Oxo-NAM,0.43587888654944,0.180204211593929,0.0848296076918682
6-Phosphogluconate,0.0338223994609285,0.921359374719528,0.508301020432183
6-Phosphonogluconolactone,0.346874821271984,0.295973893306319,0.592474383740754
7-Methylxanthine,,,0.0900398555225951
Acetylaminoadipate,-0.323548461739995,0.331755333779649,0.143705459127307
Acetylcarnitine,0.216946992970748,0.521674406683827,0.468271776319752
Acetylcholine,0.59915052207501,0.0514191846609666,0.4451096021152
Adenosine,0.645225893894191,0.0320436033612088,0.487317895769191
Adenosine diphosphate,0.302018856460025,0.366712125241711,0.278061091641553
Adenosine diphosphate ribose,0.536675111684031,0.0887323941552606,0.496085725107594
Adenosine monophosphate,-0.0321121650310443,0.925326029392372,0.325204665354993
Adenosine triphosphate,0.415762416326393,0.203456954623701,0.193816823636675
Adenylsuccinate,0.298566614888815,0.372486084377158,0.16481636669055
Adipate,0.185097960615659,0.585841524367369,0.26927489917497
ADP-ribose,0.505218808726751,0.112921501427109,0.511155150474251
Agmatine sulfate,,,0.166014585302827
Ala-Leu,0.411915993855505,0.208097167061446,0.555576397690101
Alanine,0.098266471651742,0.773773888241653,0.594917449088331
Ala-Tyr,0.327053946985657,0.326237668800223,0.444206122325107
Allantoin,-0.00978396846452513,0.977223415929778,0.553858497647237
Allothreonine,0.0871316590095777,0.798925832516784,0.352864332855324
alpha-Ketoglutarate,0.365134940039063,0.269518405201864,0.347046739763322
Aminoadipate,0.57556559237481,0.0639131766954201,0.505483549716781
Aminocaprylate,0.452494112771373,0.162278698976579,0.0875134550656454
Aminoisobutanoate,-0.171618891093306,0.613864965167699,0.320917879896643
Anserine,,,0.085797512536636
Arg-Ala,-0.431675036833239,0.184922794997403,0.181402726474197
Arginine,0.248808403668618,0.460659465829944,0.398721356096562
Argininosuccinate,-0.154401880146674,0.650341142108072,0.345338561368278
Ascorbate,0.755213598501125,0.00720083522494592,0.13487765980827
Asparagine,-0.122015201981105,0.720802383294276,0.334697646478662
Aspartate,-0.334366641648932,0.314886557845012,0.59213033817974
Aspartylglycosamine,0.38587265168562,0.241156062614975,0.390364794947801
Azelate,0.128179710932736,0.707221112412143,0.209052212261505
Betaine,-0.246007630388891,0.465886889552223,0.469932008647159
Carnitinamide,-0.451763187742168,0.163043041111329,0.262117709162379
Carnitine,0.327219367353581,0.325978513659587,0.635803354517911
Carnitine (12:0),0.494144580886764,0.122355774383167,0.785267264760626
Carnitine (14:0),0.513820608639525,0.105927396567972,0.707028118437502
Carnitine (16:0),0.462730695967726,0.15180708005199,0.679370747717224
Carnitine (16:1),0.222339766146484,0.511114204107682,0.667289619124119
Carnitine (17:0),0.542025516470635,0.0849922105890255,0.682790290603004
Carnitine (20:0),0.724702819989239,0.0116402529418375,0.655807126877266
Carnitine (3:0),0.586779415474369,0.0577420627221939,0.801932248464723
Carnitine (4:0),-0.146557429960396,0.667197434330171,0.659160637156205
Carnitine (5:0),0.516505387433281,0.103803543567154,0.860687534627211
Carnitine (6:0),0.291219694880733,0.384926487910565,0.720308228673754
Carnitine (8:0),0.267003098726668,0.427369526533324,0.69065099186282
Carnosine,0.431067378716469,0.18561099598459,0.50596625791373
CDP-ethanolamine,0.827269983835834,0.00167708672083386,0.178020348962981
Citicoline,0.775059538880603,0.00507758892604689,0.385787397208393
Citrate/Isocitrate,0.0998129889796373,0.770295379000406,0.363737537583733
Citrulline,-0.0857390686482103,0.802084081041464,0.481709716512488
CMP-2-aminoethylphosphonate,0.360392117906253,0.27625719690416,0.625945211795638
Cortisol,,,0.12251993998206
Creatine,0.333414404509336,0.316352434452934,0.431889617883377
Creatinine,-0.3873704724152,0.239177342197641,0.605247176444631
Cyclic ADP-ribose,0.49881390004937,0.118318519126947,0.322571962318429
Cys-Gly,0.595029533291192,0.0534699234661688,0.534581223814361
Cystathionine,0.621149565752149,0.0413778568176733,0.784938875172869
Cysteate,-0.176405361419336,0.603858129138322,0.411660567448251
Cystine,,,0.420026971094058
Cytidine,0.0441969802797417,0.897334331438596,0.239349695398701
Cytidine diphosphate,0.0178649439400516,0.958422152162882,0.205000002759941
Cytidine monophosphate,-0.515671967132082,0.104459843833013,0.0751079221432273
Cytidine triphosphate,,,0.0415010603772174
Cytosine,-0.597123575197571,0.0524210003380128,0.380773270590141
Decanoate,0.0586819091618002,0.863923693733822,0.433094541077879
Deoxyadenosine,0.0226511993799631,0.947294818995393,0.32224269856064
Deoxycholate,0.165275389143464,0.627218397378969,0.216072667536615
Deoxycytidine,-0.54497856058495,0.082973356758841,0.371048314408759
Deoxyguanosine,-0.14774481399207,0.6646368587559,0.372689721175927
Deoxyguanosine diphosphate,0.282611502272724,0.399763514954868,0.26891580080471
Deoxyinosine,-0.405755674456433,0.215658789950228,0.369028240840412
Deoxyribose,0.120208379227209,0.724797009668242,0.678919991323648
Deoxyuridine,0.124321665994032,0.715712218668047,0.609332673455778
Diethanolamine,0.366867363186082,0.267080233439076,0.0758507926993549
Dihydrouracil,-0.300465475829439,0.36930449309711,0.2460517269048
Dimethylglycine,0.545505265545456,0.0826166521682715,0.532986967990156
Diphthamide,-0.0213066240125879,0.950419980800904,0.478673507511074
dTDP-glucose,,,0.113933054745522
Erythrose 4-phosphate,0.243004137917461,0.471522564146531,0.353528622329323
FA (12:0),0.142169036485715,0.676688436045536,0.457284206628981
FA (14:0),0.191535812056067,0.572632392214724,0.291476064380322
FA (16:0),0.409365834671957,0.211208001939671,0.165460210458901
FA (16:1),0.129225044642764,0.704925557077535,0.462073530040426
FA (18:0),0.0744646576658976,0.82774757712067,0.0982174353154764
FA (18:1),-0.164653016320608,0.628534029549715,0.333644542445219
FA (20:0),0.136340554314229,0.689359344007402,0.217224174963581
FA (20:2),-0.120142288566233,0.724943244095498,0.458993247390739
Flavin adenine dinucleotide,0.393565420057804,0.231093636953154,0.426637430884152
Fructose,0.0794067828855226,0.816477968882652,0.365219694357021
"Fructose 1,6-bisphosphate",0.39205259611399,0.233052795177653,0.297386257506022
Fructose 6-phosphate,0.0897277865035754,0.793045333795187,0.296030398074303
Fumarate,-0.18125506214498,0.593781177138044,0.0748039213142284
Galacturonate,0.523841481039396,0.098142247097721,0.706142264956016
Gamma-aminobutyrate,0.0518802797033969,0.879590371242221,0.597635824240586
Gamma-linolenate,-0.0448180971867416,0.895898242609942,0.466038301093447
Glu-Asp,0.00682264503538891,0.984116315937644,0.0968457575044195
Gluconate,0.562463932492393,0.0716703978484963,0.853720700843502
Glucosamine 6-phosphate,0.205456972150867,0.544476136137642,0.492492898830966
Glucose,0.488568903413014,0.127290973523752,0.273264353867863
Glucose 6-phosphate,-0.09563397421998,0.779703609749991,0.370058463036763
Glu-Gln,0.244171960224168,0.469327632931264,0.440419293133056
Glu-Glu,-0.059346840251604,0.862394383526278,0.364418016818718
Glu-Pro,-0.0267259494269955,0.93782821645555,0.461387663332544
Glutamate,-0.237658064826609,0.481629539500039,0.395658885257526
Glutamine,0.548955226332422,0.0803053757205034,0.661790270027258
Glutathione,0.77902524566921,0.00471609897774169,0.479024630123922
Glutathione disulfide,0.582572333149293,0.0600075160451618,0.437276487569177
Glyceraldehyde 3-phosphate,,,0.0576132057752863
Glycerol 3-phosphate,0.4717545041363,0.142934966355319,0.702754340047731
Glycerol cyclic phosphate,0.401486358429686,0.22099315769826,0.636849203891422
Glycerophosphocholine,0.396645488468604,0.227134634488794,0.668306353575534
Glycerophosphoethanolamine,0.296891062992889,0.375305054658049,0.389498960011239
Glycerophosphoinositol,0.877356804551847,0.000387480031798896,0.780619262039424
Gly-Leu,0.396768335762049,0.22697756010942,0.53707527400435
Guanidinoacetate,0.242934937610762,0.47165277239881,0.732773037311029
Guanine,0.50780646380657,0.110786981977336,0.441290082731177
Guanosine,0.799046594800201,0.00317302868285877,0.660929130108969
Guanosine diphosphate,0.137967205214009,0.685815699436608,0.359366354511381
Guanosine diphosphate mannose,0.0773319994828771,0.821205450286731,0.327135555760296
Guanosine monophosphate,-0.0678309934398444,0.842920041190148,0.355876932618436
Hexitols,0.499913900877332,0.117380055512312,0.216143203367636
Histidine,0.488132397153178,0.127682611186928,0.60021009775872
Homoarginine,-0.255879269916216,0.447583328938522,0.485366892082431
Hydroxycitrate,0.498770282772627,0.11835583023726,0.345248504198358
Hydroxy-FA (10:0),0.5435789555605,0.0839261865455844,0.609036569368476
Hydroxy-FA (12:0),0.399468149961669,0.223541595745501,0.581775058858409
Hydroxy-FA (18:1),-0.0607027040368686,0.85927727904131,0.197345323342134
Hydroxy-FA (7:0),0.117074070158312,0.731741096314767,0.350503914677391
Hydroxy-FA (8:0),0.764145390549488,0.0061778127157084,0.574437941646717
Hydroxyphenyllactate,-0.123071358371302,0.718470263032085,0.44578981437964
Hypotaurine,-0.127869322832858,0.707903147856897,0.744870064144269
Hypoxanthine,0.0588114756412208,0.863625663899653,0.370641389605658
Indole,0.229074492561087,0.498056720726683,0.282939309257925
Indole-3-acrylate,-0.181728857208482,0.592800105825347,0.407571395297123
Indole-3-pyruvate,0.793952027307499,0.0035235171093021,0.488145646391495
Indoxyl sulfate,0.553403220389838,0.077389541940875,0.566011922131184
Inosine,0.206388777378332,0.542611968916289,0.470908790043193
Isoleucine,0.285800057845511,0.394235170696157,0.574323867640238
Itaconate,0.722762630051586,0.0119768951749514,0.767809785813046
Lactate,0.0260523954798596,0.939392572036737,0.395591157711349
Leu-Leu,0.58666283771254,0.0578040412274047,0.490269996748244
Leu-Val,0.698099620968128,0.0168939572671006,0.63021536538649
Lumichrome,-0.015619024833926,0.963645986605205,0.147802813326594
Lyso-PC (16:0),0.630917438734546,0.0373900521722417,0.618425663053789
Lyso-PC (17:0),0.591457622952476,0.0552920769552151,0.463239460853412
Lyso-PC (18:0),0.537091158723081,0.0884377318647865,0.517448574679583
Lyso-PC (18:1),0.184835538972993,0.586382411821932,0.566278280266199
Lyso-PC (18:2),0.349436529516918,0.292179475182117,0.539647026668308
Lyso-PC (22:4),0.51748164002137,0.103038188810026,0.39929474057968
Lyso-PE (16:0),-0.0380294756187049,0.911608646265852,0.483962244769316
Lyso-PE (18:0),-0.0185420604997477,0.956847510807983,0.214752500063358
Lyso-PE (18:1),0.125304995146936,0.713545238837674,0.675187534259154
Lyso-PE (20:4),0.437302454214185,0.17862314564592,0.373071610129931
Malate,-0.162450035190231,0.633198680237593,0.354565633270831
Malonate,0.216943482583761,0.521681310641838,0.506680388927133
Methacholine,0.722350178385223,0.0120493577658399,0.391081946241112
Methionine,-0.318479310289181,0.339821083365966,0.563815843732793
Methyl 4-aminobutyrate,0.676465005761669,0.0222735855471178,0.458422537874791
Mevalonate,0.238379004988835,0.480260954868069,0.0643342080526605
Myoinositol,0.665038675382635,0.0255586602902623,0.958810776617802
"N,N,N-Trimethyllysine",0.42680786718958,0.190478665382056,0.410002444466431
"N,N-Dimethylarginine",-0.0619749557514952,0.856354035069663,0.42961020941329
"N,N-Dimethyllysine",0.0658400459428107,0.847483311497991,0.507681441983578
N-Acetylalanine,0.0507877862084771,0.882110541677713,0.560321653005584
N-Acetylaspartate,0.2816352752409,0.401463720768039,0.401965234992092
N-Acetylcysteine,0.341530869617991,0.303975982853442,0.581053001348595
N-Acetylglutamate,0.405063307552615,0.216518657061798,0.563301962849743
N-Acetylhexosamine phosphate,0.342440282020813,0.302605971087407,0.575398516525215
N-Acetylhexosamine sulfate,-0.439694889842717,0.175985154302898,0.674199836012709
N-Acetylleucine,-0.482690781859164,0.132629434179685,0.459985412021313
N-Acetylmethionine,0.369913974726665,0.262822837084208,0.383872289837645
N-Acetylneuraminate,0.115271310749451,0.735743355983052,0.635036617278516
N-Acetylornithine,0.249034443043957,0.46023876065244,0.667951242880466
N-Acetylphenylalanine,-0.0988308843567254,0.772503944913251,0.471549238501547
N-Acetyltryptophan,-0.520306062208388,0.100844666844701,0.655485595391494
NAD+,0.501651353526608,0.115907534284584,0.32609281754071
NADH,0.306197044814636,0.359785800844901,0.271434286291554
NADP+,0.473333095543689,0.141417276113449,0.351645661458871
N-Formylmethionine,0.839747065681508,0.00121982245047494,0.885685438834704
Nicotinamide,0.689997769790629,0.0187849441118761,0.593214495336377
N-Methylglutamate,,,0.389210874353159
Norleucine,-0.13260959968596,0.697508286754856,0.239504713030852
Octanoic Acid,0.114587664143196,0.737262650995059,0.365710186333525
Oleamide,0.342961572311955,0.301822181027662,0.554567117729897
Ophthalmate,0.165627111561651,0.626475322695619,0.511835165651576
Ornithine,0.621583837311573,0.0411945689535925,0.44699037316803
Oxoadipate,0.733902450431523,0.0101366186401277,0.801734439395236
Oxohexanoic acid,0.486236904242048,0.129392174661086,0.372842552194312
Oxoproline,,,0.0943174280611166
PC (32:0),0.0690012463402915,0.840239823968682,0.366231393550114
PC (32:1),0.077545158720837,0.820719509287802,0.51278012825317
PC (32:2),0.314843047499132,0.345669818078006,0.713460576771547
PC (34:1),-0.441618327326477,0.173881682486595,0.222392267948976
PC (34:2),-0.39509770664476,0.229119098838429,0.259316524265568
PC (36:1),0.196665897570295,0.562190725379322,0.588593599005662
PC (36:2),0.0446340498336184,0.896323750749695,0.336791597110342
PC (36:4),0.352022350791703,0.288376709794106,0.440251342214769
PC (36:5),-0.18755250456715,0.580791617490466,0.179901377874764
PC (38:4),0.1905230746841,0.574702590865756,0.519900100793228
PC (38:5),0.213836123307904,0.527807718763263,0.415952223191782
PC (40:5),0.259531852482019,0.440897364194083,0.561903456231071
PC (40:6),0.155770173109735,0.647415677770612,0.470969114240092
PC (40:8),0.155453289468347,0.648092791035681,0.449951921855352
P-DMEA,0.541490900879504,0.0853611474899762,0.781538561179632
PE (32:0),0.506372668544612,0.111966444663453,0.525617994268784
PE (34:1),0.394900856183327,0.229372211019002,0.629768215043074
PE (34:2),-0.0191881535349123,0.955345143960811,0.726434887826043
PE (36:1),-0.394565812813059,0.229803388285671,0.336006076471554
PE (36:2),0.169187037673302,0.618971989212281,0.642031720281812
PE (36:3),0.37484988038644,0.256007541305446,0.541387641455122
PE (38:1),-0.2216323557384,0.512494210661706,0.323651627495777
PE (38:3),0.1227898210437,0.719091721474056,0.436666712294387
PE (38:4),-0.243764946098468,0.4700920916016,0.581850168694815
PE (38:5),0.0667436873917492,0.845411627915277,0.380310720253507
PE (38:6),0.149038876809263,0.661849891256658,0.500910674261181
PE (40:5),-0.175482838284858,0.605782110887669,0.257198728283096
Phenylalanine,0.0453684257329249,0.894626058196248,0.542152162100619
Phosphocreatine,0.659823794004688,0.027166175724165,0.68602298581277
Phosphoenolpyruvate,0.092615165838807,0.786516475987056,0.410310187063917
Phosphoethanolamine,0.167955804716359,0.621563439274868,0.246352950633883
Phosphorylcholine,0.446283834251727,0.168843767306784,0.675734727627322
Pipecolate,-0.131017444789396,0.700994586321278,0.361834060407726
Platelet-activating factor,0.539052593160483,0.087057267561533,0.519320846428207
Proline,0.316494652231717,0.343006805911023,0.753439715351289
PS (36:1),-0.754437260677525,0.00729525359292775,0.385673985345421
PS (40:6),0.0903614283479891,0.791611525274785,0.504339514686215
Psicose,,,0.0541213079319713
Purine,,,0.13278362727743
Pyridoxal,0.0895909314644671,0.793355085878945,0.697261749038991
Pyridoxine,-0.161240286600609,0.635765354725456,0.116597379368427
Pyrrole 2-carboxylate,0.279124281842306,0.405853217199479,0.581622799460018
Pyruvate,-0.026825232371876,0.937597644465657,0.348688020956853
Quinolinate,0.386454150086472,0.240386744797044,0.453977151010911
Raffinose,,,0.288866094058644
Ribulose/Ribose/Xylulose 5-phosphate,0.522762512645793,0.0989619069349287,0.555668055805926
S-Adenosylhomocysteine,0.564466296293145,0.070445947864873,0.533624569049636
S-Adenosylmethionine,0.169859885834262,0.617557446258175,0.456588222149444
Salicylate,-0.168985515287259,0.619395880090305,0.723755265853312
Sedoheptulose 7-phosphate,0.132215960917818,0.698369741707306,0.354300737660793
Ser-Arg,-0.103563485288139,0.761875431555641,0.242545195403344
Serine,0.336117064951266,0.312201537427926,0.537987586325291
SM (d18:1/14:0),0.052932763025159,0.877163444258741,0.651836936880938
SM (d18:1/16:0),0.248781489551433,0.46070957023437,0.445910721159327
SM (d18:1/18:0),0.248176191525735,0.461837078331383,0.709236534558236
SM (d18:1/18:1),0.501155879511975,0.116326237209857,0.567249125955756
S-Methylthioadenosine,0.134183387802582,0.694067354734644,0.463738372013176
Stachydrine,-0.207387086337178,0.540617661177993,0.244964576473554
Stachyose,0.0469865314478905,0.890886813394072,0.392864724093226
Succinate,0.448803396554556,0.166160887622603,0.757384067298603
Sulfolactate,-0.0287375739792163,0.933157332963426,0.0474120389735319
Taurine,0.302720948933299,0.365543501267862,0.761375967972259
Taurocyamine,0.410473232782345,0.209853762965889,0.459286461387698
Thr-Arg,-0.232602815267678,0.491274777155563,0.31405448787725
Threonate,0.634879827407191,0.0358515603797584,0.608123887509963
Thymidine monophosphate,-0.277569672542824,0.408582592523547,0.478493466923981
Thymine,-0.279211721857679,0.405699968066137,0.268697622767804
trans-Aconitate,0.265492605978642,0.430088336639347,0.57458767326233
Trigonelline,-0.334571038116502,0.31457238811302,0.165981044518642
Tryptophan,-0.148983526550543,0.661969018220839,0.426102263236795
Tyr-Arg,-0.0856083268865032,0.802380726861136,0.227116319899131
Tyrosine,-0.180100282332098,0.596174892893733,0.589338284133769
UDP-glucose,0.165608032231876,0.626515623107633,0.120203315610686
UDP-N-acetylglucosamine,-0.413640682410129,0.206008837315003,0.090626251720468
Uracil,0.0733657563822216,0.830257458444017,0.293086011138606
Urate,0.209622428913041,0.536163109690266,0.589384031016733
Ureidosuccinate,0.711583911084582,0.0140552756255586,0.648000635315524
Uridine,0.211804190590378,0.53183004463518,0.647172971801496
Uridine diphosphate,0.384412610205177,0.243093948840806,0.272902453104123
Uridine monophosphate,-0.365631258586233,0.268818621065632,0.202370977425606
Urocanate,0.110077556541609,0.747306583409649,0.089881532192613
Valine,0.390501015455676,0.235072152871032,0.501552658161118
Xanthine,0.123556691154804,0.717399311074333,0.321226956098202
Xanthosine monophosphate,0.263132943493461,0.434352055456374,0.305201283545489
